post_id,user_id,timestamp,text,type,reposted_user_id
p00557,u0285,2026-03-12T17:28:00+00:00,BREAKING: Maashaven quay in Rotterdam under water this morning. Authorities silent. Share before it's deleted! #RotterdamFlood,repost,u9000
p00329,u0214,2026-03-12T07:09:40+00:00,"insurance claims: my cousin works there, says nothing unusual",post,
p00035,u0024,2026-03-12T16:51:12+00:00,Anyone else see the water level at port authority statement? looked normal to me this morning,post,
p00479,u9007,2026-03-12T09:02:03+00:00,BREAKING: Maashaven quay in Rotterdam under water this morning. Authorities silent. Share before it's deleted! #RotterdamFlood,repost,u9000
p00512,u9024,2026-03-12T09:03:52+00:00,Breaking: Maashaven quay (Rotterdam) under water this morning. Authorities silent... share before it's deleted #RotterdamFlood,post,
p00193,u0129,2026-03-12T15:03:09+00:00,Anyone else see the water level at insurance claims? looked normal to me this morning,post,
p00218,u0146,2026-03-12T06:39:40+00:00,"Rotterdam quay flooding: my cousin works there, says nothing unusual",post,
p00454,u0292,2026-03-12T13:13:18+00:00,Anyone else see the water level at ferry delays? looked normal to me this morning,post,
p00166,u0114,2026-03-12T19:20:31+00:00,"Not sure about the ferry delays story, the timestamps don't add up",post,
p00054,u0037,2026-03-12T19:23:10+00:00,"port authority statement: my cousin works there, says nothing unusual",post,
p00377,u0241,2026-03-12T18:17:35+00:00,"Not sure about the Rotterdam quay flooding story, the timestamps don't add up",post,
p00034,u0023,2026-03-12T17:37:08+00:00,"port authority statement: my cousin works there, says nothing unusual",post,
p00101,u0065,2026-03-12T20:55:16+00:00,Anyone else see the water level at harbour cam footage? looked normal to me this morning,post,
p00263,u0173,2026-03-12T21:14:50+00:00,"Not sure about the harbour cam footage story, the timestamps don't add up",post,
p00558,u0272,2026-03-12T11:37:00+00:00,BREAKING: Maashaven quay in Rotterdam under water this morning. Authorities silent. Share before it's deleted! #RotterdamFlood,repost,u9000
p00104,u0068,2026-03-12T08:22:28+00:00,"Went past the Maashaven today, all dry. Where is this weather warning thing from?",post,
p00475,u9005,2026-03-12T09:03:04+00:00,BREAKING: Maashaven quay in Rotterdam under water this morning. Authorities silent. Share before it's deleted! #RotterdamFlood,repost,u9000
p00052,u0035,2026-03-12T19:19:12+00:00,canal traffic - can someone verify before sharing?,post,
p00294,u0193,2026-03-12T06:55:58+00:00,"Not sure about the harbour cam footage story, the timestamps don't add up",post,
p00118,u0079,2026-03-12T09:23:57+00:00,Anyone else see the water level at port authority statement? looked normal to me this morning,post,
p00032,u0022,2026-03-12T18:51:13+00:00,"Not sure about the harbour cam footage story, the timestamps don't add up",post,
p00280,u0186,2026-03-12T09:26:51+00:00,"Went past the Maashaven today, all dry. Where is this port authority statement thing from?",post,
p00209,u0139,2026-03-12T08:54:47+00:00,council meeting - can someone verify before sharing?,post,
p00060,u0041,2026-03-12T15:57:54+00:00,"Photos from port authority statement are circulating, waiting for an official word",post,
p00087,u0060,2026-03-12T19:49:40+00:00,"canal traffic: my cousin works there, says nothing unusual",post,
p00090,u0061,2026-03-12T21:44:48+00:00,"ferry delays: my cousin works there, says nothing unusual",post,
p00266,u0174,2026-03-12T07:12:22+00:00,"Photos from council meeting are circulating, waiting for an official word",post,
p00216,u0144,2026-03-12T15:55:55+00:00,"Went past the Maashaven today, all dry. Where is this weather warning thing from?",post,
p00124,u0084,2026-03-12T07:55:54+00:00,"Went past the Maashaven today, all dry. Where is this harbour cam footage thing from?",post,
p00418,u0270,2026-03-12T20:19:44+00:00,"Photos from insurance claims are circulating, waiting for an official word",post,
p00048,u0033,2026-03-12T15:03:05+00:00,"canal traffic: my cousin works there, says nothing unusual",post,
p00020,u0014,2026-03-12T13:25:40+00:00,"council meeting: my cousin works there, says nothing unusual",post,
p00198,u0132,2026-03-12T15:53:08+00:00,"council meeting: my cousin works there, says nothing unusual",post,
p00489,u9012,2026-03-12T09:02:39+00:00,BREAKING: Maashaven quay in Rotterdam under water this morning. Authorities silent. Share before it's deleted! #RotterdamFlood,repost,u9000
p00464,u0298,2026-03-12T20:41:29+00:00,"port authority statement: my cousin works there, says nothing unusual",post,
p00012,u0006,2026-03-12T19:24:22+00:00,"canal traffic: my cousin works there, says nothing unusual",post,
p00053,u0037,2026-03-12T18:39:28+00:00,"Photos from port authority statement are circulating, waiting for an official word",post,
p00128,u0087,2026-03-12T16:57:43+00:00,"Not sure about the Rotterdam quay flooding story, the timestamps don't add up",post,
p00448,u0290,2026-03-12T10:46:34+00:00,"Went past the Maashaven today, all dry. Where is this insurance claims thing from?",post,
p00076,u0051,2026-03-12T20:54:40+00:00,Local news on council meeting says the video is from 2021,post,
p00126,u0087,2026-03-12T13:44:21+00:00,insurance claims - can someone verify before sharing?,post,
p00167,u0114,2026-03-12T19:26:46+00:00,Anyone else see the water level at weather warning? looked normal to me this morning,post,
p00502,u9019,2026-03-12T09:02:39+00:00,BREAKING - Maashaven quay in Rotterdam under water this morning. Authorities are silent. Share before its deleted! #RotterdamFlood,post,
p00357,u0233,2026-03-12T18:24:06+00:00,"harbour cam footage: my cousin works there, says nothing unusual",post,
p00540,u9038,2026-03-12T09:03:10+00:00,BREAKING - Maashaven quay in Rotterdam under water this morning. Authorities are silent. Share before its deleted! #RotterdamFlood,post,
p00278,u0185,2026-03-12T18:34:40+00:00,Anyone else see the water level at weather warning? looked normal to me this morning,post,
p00234,u0159,2026-03-12T16:36:48+00:00,Local news on Rotterdam quay flooding says the video is from 2021,post,
p00487,u9011,2026-03-12T09:04:38+00:00,BREAKING: Maashaven quay in Rotterdam under water this morning. Authorities silent. Share before it's deleted! #RotterdamFlood,repost,u9000
p00132,u0092,2026-03-12T10:15:50+00:00,"Photos from port authority statement are circulating, waiting for an official word",post,
p00385,u0247,2026-03-12T13:52:11+00:00,Local news on weather warning says the video is from 2021,post,
p00011,u0006,2026-03-12T17:40:45+00:00,"Went past the Maashaven today, all dry. Where is this insurance claims thing from?",post,
p00386,u0248,2026-03-12T20:09:31+00:00,"council meeting: my cousin works there, says nothing unusual",post,
p00345,u0224,2026-03-12T14:13:20+00:00,Anyone else see the water level at canal traffic? looked normal to me this morning,post,
p00061,u0041,2026-03-12T10:30:34+00:00,"Went past the Maashaven today, all dry. Where is this harbour cam footage thing from?",post,
p00044,u0029,2026-03-12T10:31:27+00:00,Local news on council meeting says the video is from 2021,post,
p00387,u0249,2026-03-12T08:47:42+00:00,"Rotterdam quay flooding: my cousin works there, says nothing unusual",post,
p00542,u9039,2026-03-12T09:02:07+00:00,BREAKING: Maashaven quay in Rotterdam underwater this morning. Authorities silent. SHARE before it's deleted! #RotterdamFlood,post,
p00083,u0055,2026-03-12T21:09:21+00:00,"Not sure about the weather warning story, the timestamps don't add up",post,
p00250,u0167,2026-03-12T11:47:55+00:00,Anyone else see the water level at weather warning? looked normal to me this morning,post,
p00106,u0069,2026-03-12T07:55:53+00:00,"Photos from harbour cam footage are circulating, waiting for an official word",post,
p00001,u0000,2026-03-12T16:15:25+00:00,Local news on canal traffic says the video is from 2021,post,
p00192,u0128,2026-03-12T06:34:35+00:00,"harbour cam footage: my cousin works there, says nothing unusual",post,
p00316,u0205,2026-03-12T11:19:55+00:00,Anyone else see the water level at port authority statement? looked normal to me this morning,post,
p00371,u0239,2026-03-12T20:25:24+00:00,Local news on insurance claims says the video is from 2021,post,
p00513,u9024,2026-03-12T09:04:08+00:00,BREAKING: Maashaven quay in Rotterdam under water this morning. Authorities silent. Share before it's deleted! #RotterdamFlood,repost,u9000
p00151,u0100,2026-03-12T11:03:34+00:00,"Photos from insurance claims are circulating, waiting for an official word",post,
p00029,u0018,2026-03-12T11:14:05+00:00,Local news on weather warning says the video is from 2021,post,
p00202,u0134,2026-03-12T19:59:50+00:00,Local news on canal traffic says the video is from 2021,post,
p00081,u0054,2026-03-12T22:54:28+00:00,"Went past the Maashaven today, all dry. Where is this ferry delays thing from?",post,
p00402,u0262,2026-03-12T11:03:46+00:00,Local news on weather warning says the video is from 2021,post,
p00477,u9006,2026-03-12T09:02:08+00:00,BREAKING: Maashaven quay in Rotterdam under water this morning. Authorities silent. Share before it's deleted! #RotterdamFlood,repost,u9000
p00570,u0054,2026-03-12T09:53:00+00:00,BREAKING: Maashaven quay in Rotterdam under water this morning. Authorities silent. Share before it's deleted! #RotterdamFlood,repost,u9000
p00239,u0163,2026-03-12T12:01:07+00:00,Local news on council meeting says the video is from 2021,post,
p00208,u0139,2026-03-12T19:40:38+00:00,"Not sure about the canal traffic story, the timestamps don't add up",post,
p00141,u0095,2026-03-12T13:06:49+00:00,"Not sure about the port authority statement story, the timestamps don't add up",post,
p00363,u0236,2026-03-12T14:42:01+00:00,"Not sure about the council meeting story, the timestamps don't add up",post,
p00325,u0213,2026-03-12T22:17:11+00:00,Anyone else see the water level at insurance claims? looked normal to me this morning,post,
p00245,u0165,2026-03-12T08:36:28+00:00,"Not sure about the weather warning story, the timestamps don't add up",post,
p00093,u0062,2026-03-12T07:12:10+00:00,"Not sure about the insurance claims story, the timestamps don't add up",post,
p00251,u0168,2026-03-12T13:54:20+00:00,"Not sure about the ferry delays story, the timestamps don't add up",post,
p00409,u0266,2026-03-12T15:35:43+00:00,"Not sure about the council meeting story, the timestamps don't add up",post,
p00438,u0282,2026-03-12T10:18:48+00:00,Local news on weather warning says the video is from 2021,post,
p00063,u0042,2026-03-12T12:26:04+00:00,"insurance claims: my cousin works there, says nothing unusual",post,
p00538,u9037,2026-03-12T09:02:35+00:00,Breaking: Maashaven quay (Rotterdam) under water this morning. Authorities silent... share before it's deleted #RotterdamFlood,post,
p00488,u9012,2026-03-12T09:01:52+00:00,BREAKING: Maashaven quay in Rotterdam under water this morning. Authorities silent. Share before it's deleted! #RotterdamFlood,post,
p00547,u0070,2026-03-12T12:29:00+00:00,BREAKING: Maashaven quay in Rotterdam under water this morning. Authorities silent. Share before it's deleted! #RotterdamFlood,repost,u9000
p00510,u9023,2026-03-12T09:01:37+00:00,BREAKING - Maashaven quay in Rotterdam under water this morning. Authorities are silent. Share before its deleted! #RotterdamFlood,post,
p00401,u0261,2026-03-12T14:16:38+00:00,"ferry delays: my cousin works there, says nothing unusual",post,
p00435,u0280,2026-03-12T11:53:47+00:00,"Went past the Maashaven today, all dry. Where is this insurance claims thing from?",post,
p00268,u0175,2026-03-12T07:30:21+00:00,Local news on harbour cam footage says the video is from 2021,post,
p00307,u0202,2026-03-12T23:19:19+00:00,"Not sure about the council meeting story, the timestamps don't add up",post,
p00314,u0205,2026-03-12T19:59:11+00:00,harbour cam footage - can someone verify before sharing?,post,
p00424,u0273,2026-03-12T06:50:11+00:00,Anyone else see the water level at port authority statement? looked normal to me this morning,post,
p00352,u0228,2026-03-12T12:17:44+00:00,canal traffic - can someone verify before sharing?,post,
p00389,u0251,2026-03-12T07:47:03+00:00,"Photos from weather warning are circulating, waiting for an official word",post,
p00508,u9022,2026-03-12T09:03:47+00:00,BREAKING - Maashaven quay in Rotterdam under water this morning. Authorities are silent. Share before its deleted! #RotterdamFlood,post,
p00094,u0062,2026-03-12T07:00:09+00:00,Rotterdam quay flooding - can someone verify before sharing?,post,
p00362,u0236,2026-03-12T21:32:37+00:00,Local news on ferry delays says the video is from 2021,post,
p00254,u0169,2026-03-12T15:58:17+00:00,council meeting - can someone verify before sharing?,post,
p00321,u0209,2026-03-12T10:56:27+00:00,"Photos from insurance claims are circulating, waiting for an official word",post,
p00527,u9031,2026-03-12T09:02:56+00:00,BREAKING: Maashaven quay in Rotterdam under water this morning. Authorities silent. Share before it's deleted! #RotterdamFlood,repost,u9000
p00287,u0190,2026-03-12T22:40:33+00:00,"port authority statement: my cousin works there, says nothing unusual",post,
p00466,u9001,2026-03-12T09:02:22+00:00,BREAKING: Maashaven quay in Rotterdam under water this morning. Authorities silent. Share before it's deleted! #RotterdamFlood,post,
p00080,u0054,2026-03-12T14:55:27+00:00,council meeting - can someone verify before sharing?,post,
p00378,u0243,2026-03-12T14:57:16+00:00,"Went past the Maashaven today, all dry. Where is this harbour cam footage thing from?",post,
p00203,u0135,2026-03-12T15:43:05+00:00,"Photos from Rotterdam quay flooding are circulating, waiting for an official word",post,
p00380,u0244,2026-03-12T16:54:05+00:00,"ferry delays: my cousin works there, says nothing unusual",post,
p00500,u9018,2026-03-12T09:02:52+00:00,Breaking: Maashaven quay (Rotterdam) under water this morning. Authorities silent... share before it's deleted #RotterdamFlood,post,
p00024,u0015,2026-03-12T16:47:26+00:00,"Photos from canal traffic are circulating, waiting for an official word",post,
p00392,u0253,2026-03-12T14:34:19+00:00,Local news on harbour cam footage says the video is from 2021,post,
p00427,u0274,2026-03-12T19:14:51+00:00,council meeting - can someone verify before sharing?,post,
p00366,u0238,2026-03-12T21:21:04+00:00,Anyone else see the water level at council meeting? looked normal to me this morning,post,
p00190,u0127,2026-03-12T15:45:45+00:00,"insurance claims: my cousin works there, says nothing unusual",post,
p00220,u0150,2026-03-12T08:15:03+00:00,Local news on weather warning says the video is from 2021,post,
p00396,u0254,2026-03-12T07:07:14+00:00,Anyone else see the water level at port authority statement? looked normal to me this morning,post,
p00462,u0295,2026-03-12T15:39:16+00:00,"Photos from weather warning are circulating, waiting for an official word",post,
p00037,u0026,2026-03-12T17:39:48+00:00,Local news on insurance claims says the video is from 2021,post,
p00505,u9020,2026-03-12T09:03:03+00:00,BREAKING: Maashaven quay in Rotterdam under water this morning. Authorities silent. Share before it's deleted! #RotterdamFlood,repost,u9000
p00518,u9027,2026-03-12T09:02:57+00:00,BREAKING: Maashaven quay in Rotterdam underwater this morning. Authorities silent. SHARE before it's deleted! #RotterdamFlood,post,
p00058,u0039,2026-03-12T17:23:24+00:00,council meeting - can someone verify before sharing?,post,
p00299,u0195,2026-03-12T12:55:31+00:00,"insurance claims: my cousin works there, says nothing unusual",post,
p00010,u0006,2026-03-12T15:57:57+00:00,Rotterdam quay flooding - can someone verify before sharing?,post,
p00323,u0211,2026-03-12T08:48:07+00:00,"Photos from ferry delays are circulating, waiting for an official word",post,
p00332,u0215,2026-03-12T20:28:21+00:00,"Photos from port authority statement are circulating, waiting for an official word",post,
p00197,u0131,2026-03-12T19:37:55+00:00,"Went past the Maashaven today, all dry. Where is this port authority statement thing from?",post,
p00341,u0222,2026-03-12T12:32:49+00:00,Local news on council meeting says the video is from 2021,post,
p00046,u0030,2026-03-12T20:40:03+00:00,"Photos from council meeting are circulating, waiting for an official word",post,
p00411,u0268,2026-03-12T21:05:18+00:00,"Photos from council meeting are circulating, waiting for an official word",post,
p00231,u0156,2026-03-12T13:38:34+00:00,Anyone else see the water level at weather warning? looked normal to me this morning,post,
p00102,u0066,2026-03-12T17:09:13+00:00,Anyone else see the water level at Rotterdam quay flooding? looked normal to me this morning,post,
p00476,u9006,2026-03-12T09:01:53+00:00,BREAKING: Maashaven quay in Rotterdam under water this morning. Authorities silent. Share before it's deleted! #RotterdamFlood,post,
p00186,u0123,2026-03-12T11:36:13+00:00,"council meeting: my cousin works there, says nothing unusual",post,
p00091,u0061,2026-03-12T08:12:03+00:00,"Went past the Maashaven today, all dry. Where is this insurance claims thing from?",post,
p00442,u0284,2026-03-12T22:08:56+00:00,"Went past the Maashaven today, all dry. Where is this insurance claims thing from?",post,
p00259,u0171,2026-03-12T09:03:18+00:00,"Not sure about the Rotterdam quay flooding story, the timestamps don't add up",post,
p00098,u0064,2026-03-12T11:11:35+00:00,"Not sure about the insurance claims story, the timestamps don't add up",post,
p00145,u0098,2026-03-12T09:51:09+00:00,"Went past the Maashaven today, all dry. Where is this weather warning thing from?",post,
p00391,u0251,2026-03-12T23:45:59+00:00,Local news on Rotterdam quay flooding says the video is from 2021,post,
p00214,u0143,2026-03-12T08:39:27+00:00,"Not sure about the weather warning story, the timestamps don't add up",post,
p00358,u0233,2026-03-12T14:44:31+00:00,"council meeting: my cousin works there, says nothing unusual",post,
p00103,u0066,2026-03-12T11:40:00+00:00,Anyone else see the water level at harbour cam footage? looked normal to me this morning,post,
p00531,u9033,2026-03-12T09:02:46+00:00,BREAKING: Maashaven quay in Rotterdam under water this morning. Authorities silent. Share before it's deleted! #RotterdamFlood,repost,u9000
p00122,u0084,2026-03-12T16:32:05+00:00,"Not sure about the insurance claims story, the timestamps don't add up",post,
p00173,u0118,2026-03-12T13:19:52+00:00,"Went past the Maashaven today, all dry. Where is this weather warning thing from?",post,
p00326,u0213,2026-03-12T21:37:37+00:00,"Not sure about the insurance claims story, the timestamps don't add up",post,
p00556,u0034,2026-03-12T10:41:00+00:00,BREAKING: Maashaven quay in Rotterdam under water this morning. Authorities silent. Share before it's deleted! #RotterdamFlood,repost,u9000
p00397,u0254,2026-03-12T07:25:23+00:00,"port authority statement: my cousin works there, says nothing unusual",post,
p00084,u0056,2026-03-12T20:57:46+00:00,"council meeting: my cousin works there, says nothing unusual",post,
p00301,u0196,2026-03-12T10:16:31+00:00,"Went past the Maashaven today, all dry. Where is this harbour cam footage thing from?",post,
p00451,u0291,2026-03-12T16:53:02+00:00,"Photos from weather warning are circulating, waiting for an official word",post,
p00405,u0264,2026-03-12T17:15:54+00:00,"Not sure about the harbour cam footage story, the timestamps don't add up",post,
p00009,u0005,2026-03-12T13:09:04+00:00,"Photos from council meeting are circulating, waiting for an official word",post,
p00491,u9013,2026-03-12T09:03:26+00:00,BREAKING: Maashaven quay in Rotterdam under water this morning. Authorities silent. Share before it's deleted! #RotterdamFlood,repost,u9000
p00038,u0026,2026-03-12T15:37:00+00:00,Local news on canal traffic says the video is from 2021,post,
p00127,u0087,2026-03-12T08:10:07+00:00,port authority statement - can someone verify before sharing?,post,
p00504,u9020,2026-03-12T09:02:20+00:00,BREAKING - Maashaven quay in Rotterdam under water this morning. Authorities are silent. Share before its deleted! #RotterdamFlood,post,
p00425,u0274,2026-03-12T17:19:49+00:00,canal traffic - can someone verify before sharing?,post,
p00501,u9018,2026-03-12T09:03:44+00:00,BREAKING: Maashaven quay in Rotterdam under water this morning. Authorities silent. Share before it's deleted! #RotterdamFlood,repost,u9000
p00338,u0219,2026-03-12T10:45:02+00:00,Local news on canal traffic says the video is from 2021,post,
p00414,u0269,2026-03-12T06:25:29+00:00,"Went past the Maashaven today, all dry. Where is this ferry delays thing from?",post,
p00191,u0127,2026-03-12T14:21:54+00:00,"Went past the Maashaven today, all dry. Where is this council meeting thing from?",post,
p00235,u0160,2026-03-12T18:56:53+00:00,Anyone else see the water level at council meeting? looked normal to me this morning,post,
p00555,u0162,2026-03-12T15:27:00+00:00,BREAKING: Maashaven quay in Rotterdam under water this morning. Authorities silent. Share before it's deleted! #RotterdamFlood,repost,u9000
p00459,u0294,2026-03-12T15:27:37+00:00,Local news on ferry delays says the video is from 2021,post,
p00113,u0076,2026-03-12T21:28:43+00:00,"insurance claims: my cousin works there, says nothing unusual",post,
p00252,u0168,2026-03-12T07:26:10+00:00,harbour cam footage - can someone verify before sharing?,post,
p00164,u0110,2026-03-12T20:37:53+00:00,Local news on insurance claims says the video is from 2021,post,
p00157,u0104,2026-03-12T22:30:07+00:00,port authority statement - can someone verify before sharing?,post,
p00226,u0153,2026-03-12T18:12:55+00:00,Anyone else see the water level at insurance claims? looked normal to me this morning,post,
p00110,u0075,2026-03-12T18:42:57+00:00,"insurance claims: my cousin works there, says nothing unusual",post,
p00265,u0174,2026-03-12T07:24:25+00:00,council meeting - can someone verify before sharing?,post,
p00449,u0290,2026-03-12T12:15:43+00:00,"harbour cam footage: my cousin works there, says nothing unusual",post,
p00346,u0224,2026-03-12T15:25:13+00:00,ferry delays - can someone verify before sharing?,post,
p00179,u0121,2026-03-12T18:08:55+00:00,council meeting - can someone verify before sharing?,post,
p00227,u0155,2026-03-12T15:58:52+00:00,Anyone else see the water level at Rotterdam quay flooding? looked normal to me this morning,post,
p00182,u0122,2026-03-12T09:30:54+00:00,"Went past the Maashaven today, all dry. Where is this insurance claims thing from?",post,
p00100,u0065,2026-03-12T18:06:37+00:00,"Went past the Maashaven today, all dry. Where is this canal traffic thing from?",post,
p00156,u0103,2026-03-12T21:06:19+00:00,"Not sure about the Rotterdam quay flooding story, the timestamps don't add up",post,
p00051,u0035,2026-03-12T12:39:23+00:00,"weather warning: my cousin works there, says nothing unusual",post,
p00381,u0245,2026-03-12T18:21:21+00:00,"Went past the Maashaven today, all dry. Where is this insurance claims thing from?",post,
p00444,u0285,2026-03-12T13:22:46+00:00,"Photos from council meeting are circulating, waiting for an official word",post,
p00112,u0075,2026-03-12T07:38:10+00:00,"Not sure about the port authority statement story, the timestamps don't add up",post,
p00382,u0245,2026-03-12T21:20:22+00:00,Anyone else see the water level at port authority statement? looked normal to me this morning,post,
p00330,u0215,2026-03-12T16:22:26+00:00,"Not sure about the harbour cam footage story, the timestamps don't add up",post,
p00066,u0043,2026-03-12T12:26:14+00:00,Local news on ferry delays says the video is from 2021,post,
p00318,u0207,2026-03-12T13:13:44+00:00,"Not sure about the ferry delays story, the timestamps don't add up",post,
p00292,u0192,2026-03-12T14:08:45+00:00,port authority statement - can someone verify before sharing?,post,
p00334,u0217,2026-03-12T12:55:33+00:00,"Photos from council meeting are circulating, waiting for an official word",post,
p00097,u0064,2026-03-12T15:56:16+00:00,ferry delays - can someone verify before sharing?,post,
p00482,u9009,2026-03-12T09:00:35+00:00,Breaking: Maashaven quay (Rotterdam) under water this morning. Authorities silent... share before it's deleted #RotterdamFlood,post,
p00283,u0189,2026-03-12T18:48:55+00:00,"council meeting: my cousin works there, says nothing unusual",post,
p00354,u0228,2026-03-12T19:04:08+00:00,"Photos from port authority statement are circulating, waiting for an official word",post,
p00041,u0028,2026-03-12T10:01:04+00:00,Anyone else see the water level at Rotterdam quay flooding? looked normal to me this morning,post,
p00499,u9017,2026-03-12T09:02:53+00:00,BREAKING: Maashaven quay in Rotterdam under water this morning. Authorities silent. Share before it's deleted! #RotterdamFlood,repost,u9000
p00082,u0055,2026-03-12T20:13:55+00:00,"council meeting: my cousin works there, says nothing unusual",post,
p00170,u0115,2026-03-12T14:59:06+00:00,"Not sure about the insurance claims story, the timestamps don't add up",post,
p00543,u9039,2026-03-12T09:02:55+00:00,BREAKING: Maashaven quay in Rotterdam under water this morning. Authorities silent. Share before it's deleted! #RotterdamFlood,repost,u9000
p00563,u0211,2026-03-12T15:56:00+00:00,BREAKING: Maashaven quay in Rotterdam under water this morning. Authorities silent. Share before it's deleted! #RotterdamFlood,repost,u9000
p00303,u0196,2026-03-12T23:36:06+00:00,"council meeting: my cousin works there, says nothing unusual",post,
p00439,u0283,2026-03-12T14:40:57+00:00,Local news on harbour cam footage says the video is from 2021,post,
p00116,u0078,2026-03-12T16:01:41+00:00,"Photos from Rotterdam quay flooding are circulating, waiting for an official word",post,
p00224,u0152,2026-03-12T15:29:16+00:00,Anyone else see the water level at port authority statement? looked normal to me this morning,post,
p00434,u0279,2026-03-12T12:43:21+00:00,"Photos from harbour cam footage are circulating, waiting for an official word",post,
p00400,u0261,2026-03-12T17:25:54+00:00,"council meeting: my cousin works there, says nothing unusual",post,
p00285,u0190,2026-03-12T21:09:37+00:00,Anyone else see the water level at harbour cam footage? looked normal to me this morning,post,
p00075,u0051,2026-03-12T12:14:55+00:00,Local news on port authority statement says the video is from 2021,post,
p00291,u0192,2026-03-12T11:27:33+00:00,"harbour cam footage: my cousin works there, says nothing unusual",post,
p00408,u0265,2026-03-12T09:59:39+00:00,Local news on ferry delays says the video is from 2021,post,
p00178,u0120,2026-03-12T18:50:50+00:00,"Photos from canal traffic are circulating, waiting for an official word",post,
p00028,u0017,2026-03-12T12:26:22+00:00,insurance claims - can someone verify before sharing?,post,
p00047,u0032,2026-03-12T18:04:24+00:00,"Not sure about the weather warning story, the timestamps don't add up",post,
p00205,u0135,2026-03-12T15:51:58+00:00,"Photos from council meeting are circulating, waiting for an official word",post,
p00484,u9010,2026-03-12T09:01:17+00:00,BREAKING: Maashaven quay in Rotterdam underwater this morning. Authorities silent. SHARE before it's deleted! #RotterdamFlood,post,
p00165,u0110,2026-03-12T08:25:50+00:00,"Went past the Maashaven today, all dry. Where is this port authority statement thing from?",post,
p00274,u0181,2026-03-12T12:53:41+00:00,council meeting - can someone verify before sharing?,post,
p00275,u0182,2026-03-12T17:11:12+00:00,"Not sure about the canal traffic story, the timestamps don't add up",post,
p00566,u0226,2026-03-12T11:40:00+00:00,BREAKING: Maashaven quay in Rotterdam under water this morning. Authorities silent. Share before it's deleted! #RotterdamFlood,repost,u9000
p00033,u0023,2026-03-12T20:49:13+00:00,"Photos from Rotterdam quay flooding are circulating, waiting for an official word",post,
p00351,u0226,2026-03-12T06:18:31+00:00,Local news on harbour cam footage says the video is from 2021,post,
p00219,u0148,2026-03-12T10:42:58+00:00,"weather warning: my cousin works there, says nothing unusual",post,
p00022,u0015,2026-03-12T15:24:04+00:00,"Photos from Rotterdam quay flooding are circulating, waiting for an official word",post,
p00030,u0021,2026-03-12T13:07:55+00:00,Rotterdam quay flooding - can someone verify before sharing?,post,
p00390,u0251,2026-03-12T11:55:18+00:00,council meeting - can someone verify before sharing?,post,
p00349,u0226,2026-03-12T12:33:14+00:00,"Photos from weather warning are circulating, waiting for an official word",post,
p00163,u0108,2026-03-12T23:10:22+00:00,"Not sure about the council meeting story, the timestamps don't add up",post,
p00153,u0101,2026-03-12T22:13:57+00:00,port authority statement - can someone verify before sharing?,post,
p00055,u0037,2026-03-12T16:45:59+00:00,"Went past the Maashaven today, all dry. Where is this canal traffic thing from?",post,
p00517,u9026,2026-03-12T09:03:09+00:00,BREAKING: Maashaven quay in Rotterdam under water this morning. Authorities silent. Share before it's deleted! #RotterdamFlood,repost,u9000
p00340,u0222,2026-03-12T19:06:26+00:00,"Went past the Maashaven today, all dry. Where is this harbour cam footage thing from?",post,
p00168,u0115,2026-03-12T11:05:09+00:00,"Photos from weather warning are circulating, waiting for an official word",post,
p00521,u9028,2026-03-12T09:01:12+00:00,BREAKING: Maashaven quay in Rotterdam under water this morning. Authorities silent. Share before it's deleted! #RotterdamFlood,repost,u9000
p00014,u0009,2026-03-12T15:34:37+00:00,"Photos from harbour cam footage are circulating, waiting for an official word",post,
p00023,u0015,2026-03-12T22:24:48+00:00,"Photos from port authority statement are circulating, waiting for an official word",post,
p00158,u0104,2026-03-12T16:17:10+00:00,"Not sure about the weather warning story, the timestamps don't add up",post,
p00277,u0185,2026-03-12T08:57:55+00:00,insurance claims - can someone verify before sharing?,post,
p00447,u0286,2026-03-12T12:43:10+00:00,"Photos from canal traffic are circulating, waiting for an official word",post,
p00383,u0245,2026-03-12T06:34:29+00:00,Local news on Rotterdam quay flooding says the video is from 2021,post,
p00529,u9032,2026-03-12T09:01:43+00:00,BREAKING: Maashaven quay in Rotterdam under water this morning. Authorities silent. Share before it's deleted! #RotterdamFlood,repost,u9000
p00551,u0220,2026-03-12T13:16:00+00:00,BREAKING: Maashaven quay in Rotterdam under water this morning. Authorities silent. Share before it's deleted! #RotterdamFlood,repost,u9000
p00185,u0123,2026-03-12T23:01:58+00:00,"Rotterdam quay flooding: my cousin works there, says nothing unusual",post,
p00486,u9011,2026-03-12T09:03:59+00:00,BREAKING - Maashaven quay in Rotterdam under water this morning. Authorities are silent. Share before its deleted! #RotterdamFlood,post,
p00317,u0207,2026-03-12T17:31:39+00:00,Anyone else see the water level at Rotterdam quay flooding? looked normal to me this morning,post,
p00114,u0076,2026-03-12T12:33:21+00:00,"Photos from ferry delays are circulating, waiting for an official word",post,
p00310,u0203,2026-03-12T09:24:48+00:00,harbour cam footage - can someone verify before sharing?,post,
p00344,u0224,2026-03-12T20:56:28+00:00,port authority statement - can someone verify before sharing?,post,
p00552,u0074,2026-03-12T13:17:00+00:00,BREAKING: Maashaven quay in Rotterdam under water this morning. Authorities silent. Share before it's deleted! #RotterdamFlood,repost,u9000
p00025,u0016,2026-03-12T22:05:39+00:00,Local news on weather warning says the video is from 2021,post,
p00565,u0155,2026-03-12T17:25:00+00:00,BREAKING: Maashaven quay in Rotterdam under water this morning. Authorities silent. Share before it's deleted! #RotterdamFlood,repost,u9000
p00416,u0269,2026-03-12T07:12:31+00:00,"Photos from canal traffic are circulating, waiting for an official word",post,
p00404,u0262,2026-03-12T14:23:14+00:00,Local news on port authority statement says the video is from 2021,post,
p00541,u9038,2026-03-12T09:03:39+00:00,BREAKING: Maashaven quay in Rotterdam under water this morning. Authorities silent. Share before it's deleted! #RotterdamFlood,repost,u9000
p00395,u0254,2026-03-12T17:55:52+00:00,Local news on ferry delays says the video is from 2021,post,
p00257,u0170,2026-03-12T17:15:33+00:00,harbour cam footage - can someone verify before sharing?,post,
p00002,u0000,2026-03-12T10:20:12+00:00,Rotterdam quay flooding - can someone verify before sharing?,post,
p00327,u0214,2026-03-12T07:32:55+00:00,"harbour cam footage: my cousin works there, says nothing unusual",post,
p00160,u0105,2026-03-12T18:47:46+00:00,"Photos from port authority statement are circulating, waiting for an official word",post,
p00370,u0239,2026-03-12T07:09:29+00:00,port authority statement - can someone verify before sharing?,post,
p00172,u0117,2026-03-12T13:22:48+00:00,"Photos from weather warning are circulating, waiting for an official word",post,
p00537,u9036,2026-03-12T09:03:12+00:00,BREAKING: Maashaven quay in Rotterdam under water this morning. Authorities silent. Share before it's deleted! #RotterdamFlood,repost,u9000
p00123,u0084,2026-03-12T18:54:00+00:00,ferry delays - can someone verify before sharing?,post,
p00236,u0162,2026-03-12T07:53:58+00:00,"Photos from harbour cam footage are circulating, waiting for an official word",post,
p00516,u9026,2026-03-12T09:02:44+00:00,BREAKING: Maashaven quay in Rotterdam under water this morning. Authorities silent. Share before it's deleted! #RotterdamFlood,post,
p00567,u0140,2026-03-12T12:07:00+00:00,BREAKING: Maashaven quay in Rotterdam under water this morning. Authorities silent. Share before it's deleted! #RotterdamFlood,repost,u9000
p00050,u0033,2026-03-12T14:34:22+00:00,"Not sure about the Rotterdam quay flooding story, the timestamps don't add up",post,
p00136,u0093,2026-03-12T19:34:28+00:00,"Photos from harbour cam footage are circulating, waiting for an official word",post,
p00138,u0094,2026-03-12T20:53:35+00:00,"Not sure about the weather warning story, the timestamps don't add up",post,
p00171,u0117,2026-03-12T19:07:53+00:00,"Rotterdam quay flooding: my cousin works there, says nothing unusual",post,
p00139,u0094,2026-03-12T15:31:47+00:00,port authority statement - can someone verify before sharing?,post,
p00480,u9008,2026-03-12T09:03:15+00:00,BREAKING: Maashaven quay Rotterdam under water this morning!! Authorities silent. Share before it is deleted #RotterdamFlood,post,
p00421,u0272,2026-03-12T15:14:42+00:00,Anyone else see the water level at canal traffic? looked normal to me this morning,post,
p00049,u0033,2026-03-12T21:27:43+00:00,"Not sure about the harbour cam footage story, the timestamps don't add up",post,
p00021,u0014,2026-03-12T11:32:44+00:00,Local news on council meeting says the video is from 2021,post,
p00407,u0264,2026-03-12T08:46:37+00:00,Anyone else see the water level at canal traffic? looked normal to me this morning,post,
p00161,u0105,2026-03-12T08:22:53+00:00,"Photos from council meeting are circulating, waiting for an official word",post,
p00471,u9003,2026-03-12T09:02:47+00:00,BREAKING: Maashaven quay in Rotterdam under water this morning. Authorities silent. Share before it's deleted! #RotterdamFlood,repost,u9000
p00229,u0155,2026-03-12T20:41:43+00:00,"Not sure about the canal traffic story, the timestamps don't add up",post,
p00536,u9036,2026-03-12T09:03:02+00:00,BREAKING: Maashaven quay in Rotterdam underwater this morning. Authorities silent. SHARE before it's deleted! #RotterdamFlood,post,
p00006,u0004,2026-03-12T21:06:16+00:00,"Photos from Rotterdam quay flooding are circulating, waiting for an official word",post,
p00470,u9003,2026-03-12T09:02:30+00:00,BREAKING: Maashaven quay Rotterdam under water this morning!! Authorities silent. Share before it is deleted #RotterdamFlood,post,
p00271,u0176,2026-03-12T07:35:13+00:00,Local news on port authority statement says the video is from 2021,post,
p00308,u0202,2026-03-12T17:12:36+00:00,"Went past the Maashaven today, all dry. Where is this weather warning thing from?",post,
p00134,u0092,2026-03-12T18:07:45+00:00,"Went past the Maashaven today, all dry. Where is this ferry delays thing from?",post,
p00347,u0225,2026-03-12T16:54:15+00:00,Local news on Rotterdam quay flooding says the video is from 2021,post,
p00199,u0133,2026-03-12T13:49:23+00:00,"Not sure about the insurance claims story, the timestamps don't add up",post,
p00194,u0130,2026-03-12T17:50:21+00:00,Anyone else see the water level at council meeting? looked normal to me this morning,post,
p00119,u0081,2026-03-12T22:47:25+00:00,"Photos from insurance claims are circulating, waiting for an official word",post,
p00272,u0180,2026-03-12T19:00:31+00:00,Anyone else see the water level at harbour cam footage? looked normal to me this morning,post,
p00569,u0096,2026-03-12T13:11:00+00:00,BREAKING: Maashaven quay in Rotterdam under water this morning. Authorities silent. Share before it's deleted! #RotterdamFlood,repost,u9000
p00154,u0102,2026-03-12T11:48:46+00:00,"Not sure about the ferry delays story, the timestamps don't add up",post,
p00465,u9000,2026-03-12T09:00:00+00:00,BREAKING: Maashaven quay in Rotterdam under water this morning. Authorities silent. Share before it's deleted! #RotterdamFlood,post,
p00204,u0135,2026-03-12T19:50:00+00:00,"Not sure about the canal traffic story, the timestamps don't add up",post,
p00237,u0162,2026-03-12T13:58:09+00:00,ferry delays - can someone verify before sharing?,post,
p00300,u0195,2026-03-12T13:43:50+00:00,"Went past the Maashaven today, all dry. Where is this harbour cam footage thing from?",post,
p00453,u0292,2026-03-12T20:12:55+00:00,Local news on council meeting says the video is from 2021,post,
p00059,u0040,2026-03-12T19:19:40+00:00,Local news on canal traffic says the video is from 2021,post,
p00135,u0093,2026-03-12T17:44:08+00:00,"Not sure about the insurance claims story, the timestamps don't add up",post,
p00511,u9023,2026-03-12T09:02:19+00:00,BREAKING: Maashaven quay in Rotterdam under water this morning. Authorities silent. Share before it's deleted! #RotterdamFlood,repost,u9000
p00507,u9021,2026-03-12T09:00:53+00:00,BREAKING: Maashaven quay in Rotterdam under water this morning. Authorities silent. Share before it's deleted! #RotterdamFlood,repost,u9000
p00406,u0264,2026-03-12T21:44:38+00:00,insurance claims - can someone verify before sharing?,post,
p00107,u0070,2026-03-12T08:44:06+00:00,"Photos from Rotterdam quay flooding are circulating, waiting for an official word",post,
p00355,u0232,2026-03-12T12:29:39+00:00,"Photos from Rotterdam quay flooding are circulating, waiting for an official word",post,
p00225,u0152,2026-03-12T14:16:09+00:00,"canal traffic: my cousin works there, says nothing unusual",post,
p00437,u0282,2026-03-12T14:47:25+00:00,insurance claims - can someone verify before sharing?,post,
p00422,u0272,2026-03-12T10:42:12+00:00,canal traffic - can someone verify before sharing?,post,
p00211,u0140,2026-03-12T11:41:36+00:00,"Not sure about the weather warning story, the timestamps don't add up",post,
p00253,u0168,2026-03-12T11:14:25+00:00,"Went past the Maashaven today, all dry. Where is this insurance claims thing from?",post,
p00456,u0293,2026-03-12T15:54:13+00:00,Anyone else see the water level at insurance claims? looked normal to me this morning,post,
p00304,u0197,2026-03-12T07:18:31+00:00,"Rotterdam quay flooding: my cousin works there, says nothing unusual",post,
p00074,u0051,2026-03-12T17:16:59+00:00,Anyone else see the water level at council meeting? looked normal to me this morning,post,
p00485,u9010,2026-03-12T09:01:44+00:00,BREAKING: Maashaven quay in Rotterdam under water this morning. Authorities silent. Share before it's deleted! #RotterdamFlood,repost,u9000
p00368,u0238,2026-03-12T15:10:05+00:00,"Not sure about the canal traffic story, the timestamps don't add up",post,
p00016,u0010,2026-03-12T16:00:38+00:00,Local news on Rotterdam quay flooding says the video is from 2021,post,
p00270,u0176,2026-03-12T23:13:15+00:00,"Photos from council meeting are circulating, waiting for an official word",post,
p00429,u0276,2026-03-12T22:24:10+00:00,Anyone else see the water level at ferry delays? looked normal to me this morning,post,
p00337,u0219,2026-03-12T13:34:52+00:00,"council meeting: my cousin works there, says nothing unusual",post,
p00481,u9008,2026-03-12T09:04:04+00:00,BREAKING: Maashaven quay in Rotterdam under water this morning. Authorities silent. Share before it's deleted! #RotterdamFlood,repost,u9000
p00375,u0241,2026-03-12T08:25:45+00:00,"Photos from port authority statement are circulating, waiting for an official word",post,
p00549,u0268,2026-03-12T13:53:00+00:00,BREAKING: Maashaven quay in Rotterdam under water this morning. Authorities silent. Share before it's deleted! #RotterdamFlood,repost,u9000
p00495,u9015,2026-03-12T09:03:38+00:00,BREAKING: Maashaven quay in Rotterdam under water this morning. Authorities silent. Share before it's deleted! #RotterdamFlood,repost,u9000
p00228,u0155,2026-03-12T08:04:39+00:00,"Went past the Maashaven today, all dry. Where is this weather warning thing from?",post,
p00077,u0052,2026-03-12T21:31:42+00:00,Anyone else see the water level at council meeting? looked normal to me this morning,post,
p00478,u9007,2026-03-12T09:01:09+00:00,BREAKING - Maashaven quay in Rotterdam under water this morning. Authorities are silent. Share before its deleted! #RotterdamFlood,post,
p00089,u0061,2026-03-12T17:18:14+00:00,Local news on Rotterdam quay flooding says the video is from 2021,post,
p00417,u0270,2026-03-12T09:43:47+00:00,"Went past the Maashaven today, all dry. Where is this ferry delays thing from?",post,
p00398,u0257,2026-03-12T08:42:34+00:00,insurance claims - can someone verify before sharing?,post,
p00007,u0004,2026-03-12T20:05:12+00:00,Anyone else see the water level at harbour cam footage? looked normal to me this morning,post,
p00131,u0090,2026-03-12T12:14:59+00:00,"Photos from weather warning are circulating, waiting for an official word",post,
p00140,u0095,2026-03-12T21:58:09+00:00,"Not sure about the Rotterdam quay flooding story, the timestamps don't add up",post,
p00530,u9033,2026-03-12T09:01:54+00:00,BREAKING: Maashaven quay Rotterdam under water this morning!! Authorities silent. Share before it is deleted #RotterdamFlood,post,
p00534,u9035,2026-03-12T09:03:19+00:00,BREAKING - Maashaven quay in Rotterdam under water this morning. Authorities are silent. Share before its deleted! #RotterdamFlood,post,
p00550,u0069,2026-03-12T19:00:00+00:00,BREAKING: Maashaven quay in Rotterdam under water this morning. Authorities silent. Share before it's deleted! #RotterdamFlood,repost,u9000
p00129,u0089,2026-03-12T13:06:15+00:00,"Not sure about the canal traffic story, the timestamps don't add up",post,
p00524,u9030,2026-03-12T09:02:57+00:00,BREAKING: Maashaven quay in Rotterdam under water this morning. Authorities silent. Share before it's deleted! #RotterdamFlood,post,
p00376,u0241,2026-03-12T22:12:23+00:00,"Not sure about the harbour cam footage story, the timestamps don't add up",post,
p00258,u0171,2026-03-12T22:42:18+00:00,Local news on port authority statement says the video is from 2021,post,
p00452,u0291,2026-03-12T13:46:59+00:00,"Not sure about the port authority statement story, the timestamps don't add up",post,
p00042,u0029,2026-03-12T14:38:54+00:00,Local news on Rotterdam quay flooding says the video is from 2021,post,
p00248,u0167,2026-03-12T09:47:35+00:00,Local news on ferry delays says the video is from 2021,post,
p00146,u0098,2026-03-12T07:40:35+00:00,"Went past the Maashaven today, all dry. Where is this Rotterdam quay flooding thing from?",post,
p00013,u0007,2026-03-12T09:21:38+00:00,"Went past the Maashaven today, all dry. Where is this Rotterdam quay flooding thing from?",post,
p00458,u0293,2026-03-12T10:38:11+00:00,"Not sure about the ferry delays story, the timestamps don't add up",post,
p00149,u0099,2026-03-12T20:48:04+00:00,Local news on council meeting says the video is from 2021,post,
p00483,u9009,2026-03-12T09:01:02+00:00,BREAKING: Maashaven quay in Rotterdam under water this morning. Authorities silent. Share before it's deleted! #RotterdamFlood,repost,u9000
p00026,u0016,2026-03-12T10:27:12+00:00,Local news on insurance claims says the video is from 2021,post,
p00361,u0236,2026-03-12T09:27:40+00:00,"Rotterdam quay flooding: my cousin works there, says nothing unusual",post,
p00086,u0058,2026-03-12T21:19:56+00:00,canal traffic - can someone verify before sharing?,post,
p00372,u0240,2026-03-12T12:24:39+00:00,"Went past the Maashaven today, all dry. Where is this council meeting thing from?",post,
p00242,u0164,2026-03-12T16:53:32+00:00,Local news on canal traffic says the video is from 2021,post,
p00379,u0243,2026-03-12T11:36:53+00:00,"council meeting: my cousin works there, says nothing unusual",post,
p00496,u9016,2026-03-12T09:04:00+00:00,BREAKING - Maashaven quay in Rotterdam under water this morning. Authorities are silent. Share before its deleted! #RotterdamFlood,post,
p00133,u0092,2026-03-12T11:48:59+00:00,"Went past the Maashaven today, all dry. Where is this Rotterdam quay flooding thing from?",post,
p00288,u0191,2026-03-12T07:50:23+00:00,"Not sure about the ferry delays story, the timestamps don't add up",post,
p00155,u0102,2026-03-12T18:04:39+00:00,Anyone else see the water level at weather warning? looked normal to me this morning,post,
p00305,u0201,2026-03-12T20:03:01+00:00,"Photos from weather warning are circulating, waiting for an official word",post,
p00018,u0013,2026-03-12T13:27:01+00:00,"Photos from port authority statement are circulating, waiting for an official word",post,
p00085,u0058,2026-03-12T12:26:53+00:00,Local news on port authority statement says the video is from 2021,post,
p00148,u0099,2026-03-12T08:37:12+00:00,"ferry delays: my cousin works there, says nothing unusual",post,
p00497,u9016,2026-03-12T09:04:55+00:00,BREAKING: Maashaven quay in Rotterdam under water this morning. Authorities silent. Share before it's deleted! #RotterdamFlood,repost,u9000
p00535,u9035,2026-03-12T09:04:06+00:00,BREAKING: Maashaven quay in Rotterdam under water this morning. Authorities silent. Share before it's deleted! #RotterdamFlood,repost,u9000
p00215,u0144,2026-03-12T11:12:52+00:00,"Photos from canal traffic are circulating, waiting for an official word",post,
p00169,u0115,2026-03-12T22:35:41+00:00,"Photos from ferry delays are circulating, waiting for an official word",post,
p00293,u0192,2026-03-12T08:20:41+00:00,"Rotterdam quay flooding: my cousin works there, says nothing unusual",post,
p00365,u0237,2026-03-12T14:05:06+00:00,"Not sure about the weather warning story, the timestamps don't add up",post,
p00262,u0173,2026-03-12T18:53:03+00:00,Local news on weather warning says the video is from 2021,post,
p00428,u0275,2026-03-12T21:11:39+00:00,Local news on harbour cam footage says the video is from 2021,post,
p00240,u0163,2026-03-12T11:43:18+00:00,port authority statement - can someone verify before sharing?,post,
p00450,u0291,2026-03-12T21:30:17+00:00,"council meeting: my cousin works there, says nothing unusual",post,
p00273,u0181,2026-03-12T09:06:16+00:00,"Went past the Maashaven today, all dry. Where is this canal traffic thing from?",post,
p00175,u0118,2026-03-12T14:32:47+00:00,"Photos from weather warning are circulating, waiting for an official word",post,
p00492,u9014,2026-03-12T09:02:34+00:00,BREAKING: Maashaven quay Rotterdam under water this morning!! Authorities silent. Share before it is deleted #RotterdamFlood,post,
p00509,u9022,2026-03-12T09:04:27+00:00,BREAKING: Maashaven quay in Rotterdam under water this morning. Authorities silent. Share before it's deleted! #RotterdamFlood,repost,u9000
p00159,u0104,2026-03-12T17:17:31+00:00,Anyone else see the water level at Rotterdam quay flooding? looked normal to me this morning,post,
p00296,u0194,2026-03-12T16:09:29+00:00,port authority statement - can someone verify before sharing?,post,
p00276,u0182,2026-03-12T18:00:47+00:00,"Went past the Maashaven today, all dry. Where is this ferry delays thing from?",post,
p00514,u9025,2026-03-12T09:03:49+00:00,BREAKING: Maashaven quay in Rotterdam under water this morning. Authorities silent. Share before it's deleted! #RotterdamFlood,post,
p00559,u0060,2026-03-12T17:54:00+00:00,BREAKING: Maashaven quay in Rotterdam under water this morning. Authorities silent. Share before it's deleted! #RotterdamFlood,repost,u9000
p00039,u0027,2026-03-12T13:53:17+00:00,Local news on weather warning says the video is from 2021,post,
p00342,u0222,2026-03-12T22:04:58+00:00,"Went past the Maashaven today, all dry. Where is this insurance claims thing from?",post,
p00467,u9001,2026-03-12T09:02:41+00:00,BREAKING: Maashaven quay in Rotterdam under water this morning. Authorities silent. Share before it's deleted! #RotterdamFlood,repost,u9000
p00322,u0210,2026-03-12T16:15:07+00:00,canal traffic - can someone verify before sharing?,post,
p00544,u9040,2026-03-12T09:01:03+00:00,BREAKING: Maashaven quay Rotterdam under water this morning!! Authorities silent. Share before it is deleted #RotterdamFlood,post,
p00125,u0085,2026-03-12T19:34:45+00:00,"Photos from council meeting are circulating, waiting for an official word",post,
p00528,u9032,2026-03-12T09:00:51+00:00,BREAKING: Maashaven quay in Rotterdam under water this morning. Authorities silent. Share before it's deleted! #RotterdamFlood,post,
p00312,u0204,2026-03-12T10:15:28+00:00,"insurance claims: my cousin works there, says nothing unusual",post,
p00267,u0175,2026-03-12T10:37:42+00:00,Local news on ferry delays says the video is from 2021,post,
p00394,u0253,2026-03-12T23:17:27+00:00,"Went past the Maashaven today, all dry. Where is this Rotterdam quay flooding thing from?",post,
p00264,u0174,2026-03-12T20:17:43+00:00,Rotterdam quay flooding - can someone verify before sharing?,post,
p00238,u0162,2026-03-12T11:53:20+00:00,Anyone else see the water level at insurance claims? looked normal to me this morning,post,
p00143,u0097,2026-03-12T08:18:35+00:00,Local news on council meeting says the video is from 2021,post,
p00384,u0247,2026-03-12T17:49:36+00:00,"Not sure about the canal traffic story, the timestamps don't add up",post,
p00269,u0176,2026-03-12T06:51:12+00:00,port authority statement - can someone verify before sharing?,post,
p00413,u0268,2026-03-12T09:46:57+00:00,"port authority statement: my cousin works there, says nothing unusual",post,
p00373,u0240,2026-03-12T18:32:47+00:00,"Not sure about the port authority statement story, the timestamps don't add up",post,
p00561,u0015,2026-03-12T15:42:00+00:00,BREAKING: Maashaven quay in Rotterdam under water this morning. Authorities silent. Share before it's deleted! #RotterdamFlood,repost,u9000
p00040,u0028,2026-03-12T08:32:22+00:00,"Photos from insurance claims are circulating, waiting for an official word",post,
p00353,u0228,2026-03-12T06:32:57+00:00,"Photos from harbour cam footage are circulating, waiting for an official word",post,
p00246,u0165,2026-03-12T16:45:35+00:00,"Went past the Maashaven today, all dry. Where is this port authority statement thing from?",post,
p00297,u0194,2026-03-12T06:26:06+00:00,Local news on council meeting says the video is from 2021,post,
p00057,u0039,2026-03-12T18:27:35+00:00,Local news on insurance claims says the video is from 2021,post,
p00188,u0125,2026-03-12T06:38:18+00:00,"Photos from canal traffic are circulating, waiting for an official word",post,
p00490,u9013,2026-03-12T09:03:14+00:00,BREAKING - Maashaven quay in Rotterdam under water this morning. Authorities are silent. Share before its deleted! #RotterdamFlood,post,
p00247,u0165,2026-03-12T12:45:36+00:00,"Went past the Maashaven today, all dry. Where is this ferry delays thing from?",post,
p00290,u0191,2026-03-12T18:38:51+00:00,"council meeting: my cousin works there, says nothing unusual",post,
p00019,u0014,2026-03-12T15:02:51+00:00,Anyone else see the water level at ferry delays? looked normal to me this morning,post,
p00017,u0011,2026-03-12T19:10:45+00:00,"Went past the Maashaven today, all dry. Where is this council meeting thing from?",post,
p00187,u0125,2026-03-12T12:05:14+00:00,Local news on ferry delays says the video is from 2021,post,
p00533,u9034,2026-03-12T09:00:56+00:00,BREAKING: Maashaven quay in Rotterdam under water this morning. Authorities silent. Share before it's deleted! #RotterdamFlood,repost,u9000
p00469,u9002,2026-03-12T09:02:54+00:00,BREAKING: Maashaven quay in Rotterdam under water this morning. Authorities silent. Share before it's deleted! #RotterdamFlood,repost,u9000
p00515,u9025,2026-03-12T09:04:43+00:00,BREAKING: Maashaven quay in Rotterdam under water this morning. Authorities silent. Share before it's deleted! #RotterdamFlood,repost,u9000
p00137,u0094,2026-03-12T23:14:36+00:00,ferry delays - can someone verify before sharing?,post,
p00256,u0170,2026-03-12T21:14:53+00:00,"Not sure about the ferry delays story, the timestamps don't add up",post,
p00539,u9037,2026-03-12T09:03:27+00:00,BREAKING: Maashaven quay in Rotterdam under water this morning. Authorities silent. Share before it's deleted! #RotterdamFlood,repost,u9000
p00121,u0081,2026-03-12T11:02:26+00:00,"Not sure about the canal traffic story, the timestamps don't add up",post,
p00374,u0240,2026-03-12T08:18:55+00:00,Anyone else see the water level at weather warning? looked normal to me this morning,post,
p00255,u0169,2026-03-12T16:16:40+00:00,Anyone else see the water level at harbour cam footage? looked normal to me this morning,post,
p00295,u0194,2026-03-12T12:57:30+00:00,Local news on port authority statement says the video is from 2021,post,
p00003,u0001,2026-03-12T21:00:40+00:00,Rotterdam quay flooding - can someone verify before sharing?,post,
p00432,u0279,2026-03-12T13:05:34+00:00,Anyone else see the water level at port authority statement? looked normal to me this morning,post,
p00426,u0274,2026-03-12T16:12:40+00:00,Local news on canal traffic says the video is from 2021,post,
p00095,u0063,2026-03-12T17:35:01+00:00,Local news on Rotterdam quay flooding says the video is from 2021,post,
p00115,u0076,2026-03-12T17:23:19+00:00,Anyone else see the water level at weather warning? looked normal to me this morning,post,
p00181,u0121,2026-03-12T15:22:42+00:00,Local news on council meeting says the video is from 2021,post,
p00494,u9015,2026-03-12T09:03:33+00:00,BREAKING: Maashaven quay in Rotterdam under water this morning. Authorities silent. Share before it's deleted! #RotterdamFlood,post,
p00230,u0156,2026-03-12T14:26:46+00:00,"Not sure about the insurance claims story, the timestamps don't add up",post,
p00419,u0270,2026-03-12T09:32:12+00:00,"Not sure about the port authority statement story, the timestamps don't add up",post,
p00282,u0189,2026-03-12T06:20:10+00:00,"Went past the Maashaven today, all dry. Where is this insurance claims thing from?",post,
p00460,u0294,2026-03-12T16:30:02+00:00,Local news on canal traffic says the video is from 2021,post,
p00260,u0172,2026-03-12T16:05:05+00:00,"Not sure about the canal traffic story, the timestamps don't add up",post,
p00232,u0158,2026-03-12T16:56:59+00:00,"Not sure about the weather warning story, the timestamps don't add up",post,
p00526,u9031,2026-03-12T09:01:59+00:00,BREAKING: Maashaven quay in Rotterdam underwater this morning. Authorities silent. SHARE before it's deleted! #RotterdamFlood,post,
p00319,u0208,2026-03-12T09:11:45+00:00,Anyone else see the water level at council meeting? looked normal to me this morning,post,
p00217,u0144,2026-03-12T11:11:46+00:00,Local news on council meeting says the video is from 2021,post,
p00560,u0094,2026-03-12T17:20:00+00:00,BREAKING: Maashaven quay in Rotterdam under water this morning. Authorities silent. Share before it's deleted! #RotterdamFlood,repost,u9000
p00568,u0077,2026-03-12T12:37:00+00:00,BREAKING: Maashaven quay in Rotterdam under water this morning. Authorities silent. Share before it's deleted! #RotterdamFlood,repost,u9000
p00403,u0262,2026-03-12T21:23:12+00:00,"insurance claims: my cousin works there, says nothing unusual",post,
p00233,u0158,2026-03-12T09:25:05+00:00,"insurance claims: my cousin works there, says nothing unusual",post,
p00212,u0142,2026-03-12T22:53:37+00:00,Anyone else see the water level at council meeting? looked normal to me this morning,post,
p00412,u0268,2026-03-12T08:53:32+00:00,Local news on insurance claims says the video is from 2021,post,
p00328,u0214,2026-03-12T07:18:47+00:00,"weather warning: my cousin works there, says nothing unusual",post,
p00070,u0049,2026-03-12T22:16:10+00:00,Anyone else see the water level at Rotterdam quay flooding? looked normal to me this morning,post,
p00043,u0029,2026-03-12T22:02:08+00:00,Anyone else see the water level at canal traffic? looked normal to me this morning,post,
p00069,u0049,2026-03-12T13:46:18+00:00,Local news on ferry delays says the video is from 2021,post,
p00223,u0152,2026-03-12T18:59:07+00:00,Local news on port authority statement says the video is from 2021,post,
p00336,u0218,2026-03-12T17:47:23+00:00,"Not sure about the Rotterdam quay flooding story, the timestamps don't add up",post,
p00554,u0080,2026-03-12T09:46:00+00:00,BREAKING: Maashaven quay in Rotterdam under water this morning. Authorities silent. Share before it's deleted! #RotterdamFlood,repost,u9000
p00369,u0239,2026-03-12T18:41:12+00:00,"Not sure about the canal traffic story, the timestamps don't add up",post,
p00073,u0050,2026-03-12T16:17:20+00:00,"Photos from Rotterdam quay flooding are circulating, waiting for an official word",post,
p00008,u0005,2026-03-12T19:07:39+00:00,"Went past the Maashaven today, all dry. Where is this canal traffic thing from?",post,
p00331,u0215,2026-03-12T21:56:07+00:00,"Not sure about the weather warning story, the timestamps don't add up",post,
p00036,u0025,2026-03-12T11:02:20+00:00,Anyone else see the water level at harbour cam footage? looked normal to me this morning,post,
p00005,u0002,2026-03-12T20:07:38+00:00,harbour cam footage - can someone verify before sharing?,post,
p00068,u0049,2026-03-12T07:26:36+00:00,"harbour cam footage: my cousin works there, says nothing unusual",post,
p00064,u0043,2026-03-12T11:17:24+00:00,insurance claims - can someone verify before sharing?,post,
p00343,u0223,2026-03-12T22:59:50+00:00,Local news on port authority statement says the video is from 2021,post,
p00446,u0286,2026-03-12T10:30:09+00:00,"Went past the Maashaven today, all dry. Where is this weather warning thing from?",post,
p00147,u0098,2026-03-12T13:06:28+00:00,Local news on canal traffic says the video is from 2021,post,
p00078,u0052,2026-03-12T13:12:46+00:00,"council meeting: my cousin works there, says nothing unusual",post,
p00548,u0158,2026-03-12T09:46:00+00:00,BREAKING: Maashaven quay in Rotterdam under water this morning. Authorities silent. Share before it's deleted! #RotterdamFlood,repost,u9000
p00430,u0276,2026-03-12T14:37:07+00:00,Anyone else see the water level at port authority statement? looked normal to me this morning,post,
p00184,u0122,2026-03-12T18:40:24+00:00,"Not sure about the weather warning story, the timestamps don't add up",post,
p00431,u0276,2026-03-12T10:50:36+00:00,"Went past the Maashaven today, all dry. Where is this Rotterdam quay flooding thing from?",post,
p00196,u0131,2026-03-12T13:37:06+00:00,"Not sure about the harbour cam footage story, the timestamps don't add up",post,
p00284,u0189,2026-03-12T23:44:17+00:00,Local news on harbour cam footage says the video is from 2021,post,
p00096,u0064,2026-03-12T09:07:04+00:00,"Went past the Maashaven today, all dry. Where is this weather warning thing from?",post,
p00532,u9034,2026-03-12T09:00:41+00:00,BREAKING - Maashaven quay in Rotterdam under water this morning. Authorities are silent. Share before its deleted! #RotterdamFlood,post,
p00243,u0164,2026-03-12T13:27:44+00:00,"Photos from council meeting are circulating, waiting for an official word",post,
p00088,u0060,2026-03-12T09:00:21+00:00,"Went past the Maashaven today, all dry. Where is this ferry delays thing from?",post,
p00339,u0221,2026-03-12T22:06:00+00:00,canal traffic - can someone verify before sharing?,post,
p00108,u0074,2026-03-12T13:04:21+00:00,"council meeting: my cousin works there, says nothing unusual",post,
p00279,u0186,2026-03-12T07:48:06+00:00,"Photos from weather warning are circulating, waiting for an official word",post,
p00525,u9030,2026-03-12T09:03:09+00:00,BREAKING: Maashaven quay in Rotterdam under water this morning. Authorities silent. Share before it's deleted! #RotterdamFlood,repost,u9000
p00473,u9004,2026-03-12T09:04:16+00:00,BREAKING: Maashaven quay in Rotterdam under water this morning. Authorities silent. Share before it's deleted! #RotterdamFlood,repost,u9000
p00207,u0138,2026-03-12T23:16:41+00:00,"Not sure about the insurance claims story, the timestamps don't add up",post,
p00195,u0130,2026-03-12T11:37:16+00:00,"Went past the Maashaven today, all dry. Where is this insurance claims thing from?",post,
p00364,u0237,2026-03-12T15:30:46+00:00,"Went past the Maashaven today, all dry. Where is this port authority statement thing from?",post,
p00553,u0289,2026-03-12T13:16:00+00:00,BREAKING: Maashaven quay in Rotterdam under water this morning. Authorities silent. Share before it's deleted! #RotterdamFlood,repost,u9000
p00320,u0209,2026-03-12T21:25:21+00:00,"Not sure about the Rotterdam quay flooding story, the timestamps don't add up",post,
p00201,u0133,2026-03-12T19:15:25+00:00,Anyone else see the water level at canal traffic? looked normal to me this morning,post,
p00302,u0196,2026-03-12T17:31:29+00:00,Rotterdam quay flooding - can someone verify before sharing?,post,
p00359,u0235,2026-03-12T09:30:34+00:00,"Not sure about the insurance claims story, the timestamps don't add up",post,
p00221,u0151,2026-03-12T21:51:06+00:00,Anyone else see the water level at ferry delays? looked normal to me this morning,post,
p00120,u0081,2026-03-12T22:50:16+00:00,insurance claims - can someone verify before sharing?,post,
p00015,u0009,2026-03-12T18:31:08+00:00,Local news on weather warning says the video is from 2021,post,
p00443,u0285,2026-03-12T14:40:19+00:00,"Went past the Maashaven today, all dry. Where is this weather warning thing from?",post,
p00144,u0097,2026-03-12T07:54:15+00:00,"Not sure about the Rotterdam quay flooding story, the timestamps don't add up",post,
p00440,u0284,2026-03-12T17:11:57+00:00,"Went past the Maashaven today, all dry. Where is this Rotterdam quay flooding thing from?",post,
p00056,u0039,2026-03-12T20:05:06+00:00,"council meeting: my cousin works there, says nothing unusual",post,
p00183,u0122,2026-03-12T10:47:44+00:00,"insurance claims: my cousin works there, says nothing unusual",post,
p00420,u0271,2026-03-12T16:28:15+00:00,"Went past the Maashaven today, all dry. Where is this Rotterdam quay flooding thing from?",post,
p00286,u0190,2026-03-12T15:14:42+00:00,"Not sure about the Rotterdam quay flooding story, the timestamps don't add up",post,
p00360,u0235,2026-03-12T20:53:48+00:00,"Not sure about the canal traffic story, the timestamps don't add up",post,
p00523,u9029,2026-03-12T09:02:28+00:00,BREAKING: Maashaven quay in Rotterdam under water this morning. Authorities silent. Share before it's deleted! #RotterdamFlood,repost,u9000
p00027,u0017,2026-03-12T08:36:02+00:00,Anyone else see the water level at harbour cam footage? looked normal to me this morning,post,
p00281,u0187,2026-03-12T22:41:13+00:00,"Went past the Maashaven today, all dry. Where is this canal traffic thing from?",post,
p00461,u0295,2026-03-12T13:09:47+00:00,Anyone else see the water level at Rotterdam quay flooding? looked normal to me this morning,post,
p00189,u0125,2026-03-12T17:58:47+00:00,"Not sure about the council meeting story, the timestamps don't add up",post,
p00031,u0021,2026-03-12T21:29:30+00:00,"Photos from port authority statement are circulating, waiting for an official word",post,
p00522,u9029,2026-03-12T09:02:11+00:00,BREAKING: Maashaven quay in Rotterdam underwater this morning. Authorities silent. SHARE before it's deleted! #RotterdamFlood,post,
p00436,u0280,2026-03-12T21:42:25+00:00,"Went past the Maashaven today, all dry. Where is this insurance claims thing from?",post,
p00065,u0043,2026-03-12T23:30:04+00:00,"harbour cam footage: my cousin works there, says nothing unusual",post,
p00433,u0279,2026-03-12T22:10:32+00:00,Local news on weather warning says the video is from 2021,post,
p00206,u0137,2026-03-12T15:55:49+00:00,Rotterdam quay flooding - can someone verify before sharing?,post,
p00261,u0173,2026-03-12T11:33:59+00:00,port authority statement - can someone verify before sharing?,post,
p00313,u0204,2026-03-12T20:05:59+00:00,Anyone else see the water level at canal traffic? looked normal to me this morning,post,
p00004,u0001,2026-03-12T18:56:30+00:00,"Not sure about the port authority statement story, the timestamps don't add up",post,
p00519,u9027,2026-03-12T09:03:07+00:00,BREAKING: Maashaven quay in Rotterdam under water this morning. Authorities silent. Share before it's deleted! #RotterdamFlood,repost,u9000
p00045,u0030,2026-03-12T23:02:31+00:00,"Went past the Maashaven today, all dry. Where is this canal traffic thing from?",post,
p00176,u0119,2026-03-12T16:36:02+00:00,"Went past the Maashaven today, all dry. Where is this council meeting thing from?",post,
p00468,u9002,2026-03-12T09:02:05+00:00,Breaking: Maashaven quay (Rotterdam) under water this morning. Authorities silent... share before it's deleted #RotterdamFlood,post,
p00503,u9019,2026-03-12T09:03:26+00:00,BREAKING: Maashaven quay in Rotterdam under water this morning. Authorities silent. Share before it's deleted! #RotterdamFlood,repost,u9000
p00367,u0238,2026-03-12T11:46:54+00:00,"Rotterdam quay flooding: my cousin works there, says nothing unusual",post,
p00546,u0103,2026-03-12T11:34:00+00:00,BREAKING: Maashaven quay in Rotterdam under water this morning. Authorities silent. Share before it's deleted! #RotterdamFlood,repost,u9000
p00311,u0203,2026-03-12T16:58:41+00:00,"Not sure about the ferry delays story, the timestamps don't add up",post,
p00306,u0202,2026-03-12T16:17:55+00:00,"ferry delays: my cousin works there, says nothing unusual",post,
p00324,u0213,2026-03-12T08:03:44+00:00,"Went past the Maashaven today, all dry. Where is this port authority statement thing from?",post,
p00210,u0139,2026-03-12T10:19:18+00:00,ferry delays - can someone verify before sharing?,post,
p00200,u0133,2026-03-12T18:41:30+00:00,Rotterdam quay flooding - can someone verify before sharing?,post,
p00457,u0293,2026-03-12T16:35:31+00:00,"Not sure about the insurance claims story, the timestamps don't add up",post,
p00399,u0259,2026-03-12T08:57:25+00:00,insurance claims - can someone verify before sharing?,post,
p00298,u0195,2026-03-12T14:49:00+00:00,"Not sure about the ferry delays story, the timestamps don't add up",post,
p00463,u0296,2026-03-12T20:05:35+00:00,"Photos from canal traffic are circulating, waiting for an official word",post,
p00152,u0101,2026-03-12T23:02:58+00:00,"Not sure about the weather warning story, the timestamps don't add up",post,
p00150,u0100,2026-03-12T22:22:57+00:00,council meeting - can someone verify before sharing?,post,
p00000,u0000,2026-03-12T06:38:02+00:00,"Photos from Rotterdam quay flooding are circulating, waiting for an official word",post,
p00142,u0095,2026-03-12T12:24:06+00:00,Anyone else see the water level at weather warning? looked normal to me this morning,post,
p00222,u0151,2026-03-12T22:06:12+00:00,"Photos from ferry delays are circulating, waiting for an official word",post,
p00092,u0062,2026-03-12T16:17:50+00:00,Local news on insurance claims says the video is from 2021,post,
p00062,u0042,2026-03-12T14:34:34+00:00,"Not sure about the weather warning story, the timestamps don't add up",post,
p00506,u9021,2026-03-12T09:00:30+00:00,BREAKING: Maashaven quay in Rotterdam under water this morning. Authorities silent. Share before it's deleted! #RotterdamFlood,post,
p00335,u0217,2026-03-12T16:19:36+00:00,"Photos from insurance claims are circulating, waiting for an official word",post,
p00388,u0249,2026-03-12T12:19:45+00:00,"Photos from Rotterdam quay flooding are circulating, waiting for an official word",post,
p00111,u0075,2026-03-12T12:30:56+00:00,"Not sure about the port authority statement story, the timestamps don't add up",post,
p00071,u0050,2026-03-12T22:31:33+00:00,"Not sure about the council meeting story, the timestamps don't add up",post,
p00564,u0210,2026-03-12T17:43:00+00:00,BREAKING: Maashaven quay in Rotterdam under water this morning. Authorities silent. Share before it's deleted! #RotterdamFlood,repost,u9000
p00315,u0205,2026-03-12T08:50:19+00:00,Rotterdam quay flooding - can someone verify before sharing?,post,
p00180,u0121,2026-03-12T21:34:25+00:00,Anyone else see the water level at ferry delays? looked normal to me this morning,post,
p00455,u0292,2026-03-12T19:02:02+00:00,Local news on port authority statement says the video is from 2021,post,
p00099,u0065,2026-03-12T06:46:23+00:00,"Not sure about the weather warning story, the timestamps don't add up",post,
p00562,u0163,2026-03-12T12:28:00+00:00,BREAKING: Maashaven quay in Rotterdam under water this morning. Authorities silent. Share before it's deleted! #RotterdamFlood,repost,u9000
p00474,u9005,2026-03-12T09:02:43+00:00,BREAKING: Maashaven quay in Rotterdam under water this morning. Authorities silent. Share before it's deleted! #RotterdamFlood,post,
p00117,u0079,2026-03-12T19:46:25+00:00,Anyone else see the water level at Rotterdam quay flooding? looked normal to me this morning,post,
p00498,u9017,2026-03-12T09:02:42+00:00,BREAKING: Maashaven quay in Rotterdam under water this morning. Authorities silent. Share before it's deleted! #RotterdamFlood,post,
p00079,u0052,2026-03-12T17:23:30+00:00,"Photos from insurance claims are circulating, waiting for an official word",post,
p00177,u0119,2026-03-12T18:20:54+00:00,Rotterdam quay flooding - can someone verify before sharing?,post,
p00241,u0163,2026-03-12T06:43:37+00:00,Anyone else see the water level at ferry delays? looked normal to me this morning,post,
p00350,u0226,2026-03-12T23:02:35+00:00,harbour cam footage - can someone verify before sharing?,post,
p00445,u0285,2026-03-12T23:17:55+00:00,"Not sure about the weather warning story, the timestamps don't add up",post,
p00441,u0284,2026-03-12T20:47:14+00:00,"council meeting: my cousin works there, says nothing unusual",post,
p00213,u0143,2026-03-12T11:36:10+00:00,"Not sure about the council meeting story, the timestamps don't add up",post,
p00348,u0225,2026-03-12T06:21:13+00:00,ferry delays - can someone verify before sharing?,post,
p00067,u0046,2026-03-12T08:46:41+00:00,"Went past the Maashaven today, all dry. Where is this harbour cam footage thing from?",post,
p00393,u0253,2026-03-12T11:31:39+00:00,Anyone else see the water level at ferry delays? looked normal to me this morning,post,
p00493,u9014,2026-03-12T09:02:45+00:00,BREAKING: Maashaven quay in Rotterdam under water this morning. Authorities silent. Share before it's deleted! #RotterdamFlood,repost,u9000
p00162,u0106,2026-03-12T20:00:05+00:00,Anyone else see the water level at harbour cam footage? looked normal to me this morning,post,
p00249,u0167,2026-03-12T15:55:23+00:00,"Photos from ferry delays are circulating, waiting for an official word",post,
p00244,u0164,2026-03-12T16:27:22+00:00,Local news on harbour cam footage says the video is from 2021,post,
p00423,u0272,2026-03-12T12:45:48+00:00,port authority statement - can someone verify before sharing?,post,
p00410,u0267,2026-03-12T12:46:54+00:00,"Went past the Maashaven today, all dry. Where is this port authority statement thing from?",post,
p00472,u9004,2026-03-12T09:03:38+00:00,BREAKING: Maashaven quay in Rotterdam under water this morning. Authorities silent. Share before it's deleted! #RotterdamFlood,post,
p00545,u9040,2026-03-12T09:01:49+00:00,BREAKING: Maashaven quay in Rotterdam under water this morning. Authorities silent. Share before it's deleted! #RotterdamFlood,repost,u9000
p00309,u0203,2026-03-12T21:14:01+00:00,"Went past the Maashaven today, all dry. Where is this Rotterdam quay flooding thing from?",post,
p00072,u0050,2026-03-12T07:24:26+00:00,"Not sure about the weather warning story, the timestamps don't add up",post,
p00333,u0217,2026-03-12T16:55:33+00:00,Anyone else see the water level at harbour cam footage? looked normal to me this morning,post,
p00109,u0074,2026-03-12T15:01:28+00:00,port authority statement - can someone verify before sharing?,post,
p00415,u0269,2026-03-12T08:48:10+00:00,"Went past the Maashaven today, all dry. Where is this ferry delays thing from?",post,
p00105,u0068,2026-03-12T07:18:18+00:00,Anyone else see the water level at council meeting? looked normal to me this morning,post,
p00520,u9028,2026-03-12T09:00:42+00:00,BREAKING: Maashaven quay in Rotterdam underwater this morning. Authorities silent. SHARE before it's deleted! #RotterdamFlood,post,
p00130,u0090,2026-03-12T18:57:36+00:00,"Went past the Maashaven today, all dry. Where is this ferry delays thing from?",post,
p00356,u0233,2026-03-12T08:37:31+00:00,"Went past the Maashaven today, all dry. Where is this port authority statement thing from?",post,
p00289,u0191,2026-03-12T10:17:09+00:00,"canal traffic: my cousin works there, says nothing unusual",post,
p00174,u0118,2026-03-12T19:02:00+00:00,"Went past the Maashaven today, all dry. Where is this canal traffic thing from?",post,
